naame,emaill
Aarav,aarav@gmail.com
Simran,simran@yahoo.com
Rohan,rohan@outlook.com
Isha,isha@gmail.com
Kabir,kabir@gmail.com
Ananya,ananya@yahoo.com
Mehul,mehul@outlook.com
Pooja,pooja@gmail.com
Rahul,rahul@yahoo.com
Neha,neha@outlook.com
